[
    {
        "title": "2024 에듀윌 건설안전기사 필기 7개년 기출문제집",
        "author": "김충민, 김민수 편저",
        "imageURL": "https://image.yes24.com/goods/121191846/L",
        "price": "27,900원",
        "url": "https://www.yes24.com/Product/Goods/123034419"
    },
    {
        "title": "2024 건설안전기사 실기 [필답형+작업형] + 무료동영상",
        "author": "최윤정 저",
        "imageURL": "https://image.yes24.com/goods/125137362/L",
        "price": "40,500원",
        "url": null
    },
    {
        "title": "2024 SD에듀 건설안전기사 필기 30일 합격완성",
        "author": "김훈 편저",
        "imageURL": "https://image.yes24.com/goods/125615338/L",
        "price": "37,800원",
        "url": null
    },
    {
        "title": "2024 건설안전기사 실기 (필답형+작업형)",
        "author": "신우균, 김재권, 김용원, 서기수 저",
        "imageURL": "https://image.yes24.com/momo/Noimg_L.jpg",
        "price": "36,000원",
        "url": null
    },
    {
        "title": "2024 건설안전산업기사 실기 [필답형+작업형]+무료동영상 세트",
        "author": "최윤정 저",
        "imageURL": "https://image.yes24.com/momo/Noimg_L.jpg",
        "price": "38,700원",
        "url": null
    },
    {
        "title": "2024 건설안전산업기사 실기 (필답형+작업형)",
        "author": "신우균, 김재권, 김용원, 서기수 저",
        "imageURL": "https://image.yes24.com/momo/Noimg_L.jpg",
        "price": "34,200원",
        "url": null
    },
    {
        "title": "2024 에듀윌 건설안전기사 실기 기출문제집 [필답형+작업형]",
        "author": "김충민 편저",
        "imageURL": "https://image.yes24.com/momo/Noimg_L.jpg",
        "price": "43,200원",
        "url": null
    },
    {
        "title": "2024 건설안전기사 실기 (필답형+작업형)",
        "author": "정재수 저",
        "imageURL": "https://image.yes24.com/momo/Noimg_L.jpg",
        "price": "38,700원",
        "url": null
    },
    {
        "title": "2024 고시넷 건설안전기사 실기 기출문제+유형분석 (필답형+작업형)",
        "author": "정권호, 김도엽, 국가전문기술자격연구소 편저",
        "imageURL": "https://image.yes24.com/momo/Noimg_L.jpg",
        "price": "38,700원",
        "url": null
    },
    {
        "title": "2024 건설안전기사 필기+무료동영상+핸드북",
        "author": "최윤정 저",
        "imageURL": "https://image.yes24.com/momo/Noimg_L.jpg",
        "price": "37,800원",
        "url": null
    },
    {
        "title": "2024 건설안전기사 필기",
        "author": "정재수 저",
        "imageURL": "https://image.yes24.com/momo/Noimg_L.jpg",
        "price": "38,700원",
        "url": null
    },
    {
        "title": "2024 건설안전기사/산업기사 실기 필답형",
        "author": "정재수 저",
        "imageURL": "https://image.yes24.com/momo/Noimg_L.jpg",
        "price": "38,700원",
        "url": null
    },
    {
        "title": "2024 직8딴 직접 8일 만에 딴 건설안전기사 실기 (필답형+작업형)",
        "author": "김진태 저",
        "imageURL": "https://image.yes24.com/momo/Noimg_L.jpg",
        "price": "34,200원",
        "url": null
    },
    {
        "title": "2024 건설안전기사/산업기사 실기 작업형",
        "author": "정재수 저",
        "imageURL": "https://image.yes24.com/momo/Noimg_L.jpg",
        "price": "38,700원",
        "url": null
    },
    {
        "title": "2024 건설안전기사 필기",
        "author": "이성찬 저",
        "imageURL": "https://image.yes24.com/momo/Noimg_L.jpg",
        "price": "29,700원",
        "url": null
    },
    {
        "title": "2024 건설안전기사 필기 과년도",
        "author": "정재수 저",
        "imageURL": "https://image.yes24.com/momo/Noimg_L.jpg",
        "price": "38,700원",
        "url": null
    },
    {
        "title": "2024 한번에 합격하는 건설안전기사 필기 기출문제집",
        "author": "강윤진 저",
        "imageURL": "https://image.yes24.com/momo/Noimg_L.jpg",
        "price": "27,000원",
        "url": null
    },
    {
        "title": "2024 건설안전기사 4주완성 필기",
        "author": "지준석, 조태연 저",
        "imageURL": "https://image.yes24.com/momo/Noimg_L.jpg",
        "price": "32,400원",
        "url": null
    },
    {
        "title": "2024 건설안전기사 필기+실기",
        "author": "Willy.H 저",
        "imageURL": "https://image.yes24.com/momo/Noimg_L.jpg",
        "price": "38,700원",
        "url": null
    },
    {
        "title": "2024 건설안전기사 필기",
        "author": "신우균, 김재권, 김용원, 서기수 저",
        "imageURL": "https://image.yes24.com/momo/Noimg_L.jpg",
        "price": "36,000원",
        "url": null
    },
    {
        "title": "2024 고시넷 건설안전기사 10년+a 필기 과년도 기출문제집",
        "author": "정권호, 김도엽, 국가전문기술자격연구소 편저",
        "imageURL": "https://image.yes24.com/momo/Noimg_L.jpg",
        "price": "36,000원",
        "url": null
    },
    {
        "title": "2023 건설안전기사 최빈출 360",
        "author": "이성찬 저",
        "imageURL": "https://image.yes24.com/momo/Noimg_L.jpg",
        "price": "11,700원",
        "url": null
    },
    {
        "title": "2024 테마 건설안전기사 필기",
        "author": "신상욱 편저",
        "imageURL": "https://image.yes24.com/momo/Noimg_L.jpg",
        "price": "34,200원",
        "url": null
    },
    {
        "title": "2024 건설안전기사 필기",
        "author": "성영선 저",
        "imageURL": "https://image.yes24.com/momo/Noimg_L.jpg",
        "price": "30,600원",
        "url": null
    }
]